Class,Count
Unibet,1569
Select,837
Puma,468
Länsförsäkringar,445
Volkswagen,273
Stadium,245
Nordic Wellness,235
AJ Produkter,213
Adidas logo,175
Enkla Elbolaget,155
Infoservice,145
Nike logo,139
CA Fastigheter,135
Eksjöhus,134
K-Bygg,129
Renta,129
Guldfågeln,124
merinfo,123
SVB,117
Telexia,117
Liljedahl,114
Falkeskog,113
Maxi,113
Coca Cola,112
EAB,109
Hisstech AB,104
MG,104
Craft,103
GDL,103
Elkejdan,96
Serneke,95
Mobill,94
Intersport,90
BRA,89
Sparbanken,89
Barometern,88
Brixo,87
Zinkteknik,82
Bygg Construct,75
Scania,73
Input Interiör,71
Säljfast,71
KAMA,70
Sparbanken tekst,66
Bergkvarabuss,65
Jonab,64
TICTAC,61
OCAB,60
Projob,60
Weber,60
Getinge,59
Truecaller,59
Unisport,59
Cramo,58
Malmqvist,58
Rexel,58
Select logo,58
Exiso,57
Flinks,57
Sportringen,57
XL Bygg,57
Blåkläder,55
Extra,55
Effektiv,54
Ellos,54
Hylte,54
K-G Paulssons Bär & Grönsaker AB,54
inkClub,53
Bravida,51
ClickitUp,51
Mellby Gård,51
Infrakraft,50
Nöjd,50
Tammp,50
Västkust Stugan,50
Östras Stenungsbageriet,50
Eleda,49
Garo,49
Ramo,49
Skolon,49
bemt,49
ApQ,48
Carpenter,48
DS Smith,48
Sandahls,48
Trebolit,48
Dahl,47
Gjuteriteknik,47
Road Rental,47
SVEA,47
Näbo Bygg,45
ABB,44
BOA,44
Bevego,44
Optimera,44
Roxtec,44
Umbro,44
Bauhaus,43
Järletoft Bygg,43
Mix Megapol,43
Bygg-Bröderna S AB,42
Holmen,42
visolve,42
Maskin & Verktyg,41
Sefina Pantbank,41
Årsta tak,41
Fameco,40
Mataki,40
Pulsen,40
Boozt,39
Bredbandsval.se,39
C Land Logistics,39
STC,39
Tillmobil,39
Toyo Tires,39
Vaksala Måleri,39
Voky,39
Parker,38
Rasta,38
Abri,37
Crowe,37
SKYLT & NEON,37
Hitachi Energy,36
Hulten,36
Redeye,36
Rudholm Group,34
axelssons,34
gibon,34
Wellness Studio,33
Upplands Bilforum AB,32
Värnamo Energi,32
GA,31
Pre Zero,31
Ramirent,31
Assemblin,30
Luthagens Livs ICA,30
Multi bygg,30
Nivika,30
amicus,30
ALT,29
Craftor,29
Kundpartner,29
Super Dæk,29
ggmgastro,29
Finnvedsbostäder,28
MAX,27
Telink,27
Tryck Cenrtum,27
BST,26
Direct Larm & Lås,26
Hydroscand,26
Karaten,26
Lantmännen Agroetanol,26
Stena Recycling,26
granitor,26
marching on together ab,26
nominit,26
Borås Stad,25
Börjessons,25
Condesign,25
Good Advice,25
HECO,25
Harry Berglund Förvaltnings AB,25
Nyfosa,25
Sölvesborgs kommun,25
TCL,25
Auktionsbyrån Effecta AB,24
Björklunds Kafferosteri,24
Cityfastigheter,24
Exceed,24
Handelsbanken,24
Klara,24
Metodgolv,24
Teknos,24
BUFAB,23
Isobetong,23
Muskelcentrum,23
Sportway,23
Thermia Värmepumpar,23
sesol,23
Ångtvättbilen,23
Conductus AB,22
GE Bäst,22
ICA Supermarket,22
Kadesjös,22
Nybyggar'n AB,22
Pontuz Löfgren,22
Simplicity,22
Social Zense,22
Beans in Cup,21
Elon,21
Habo,21
Hygienteknik,21
iLoq,21
kvdbil,21
Ahlberg bil,20
Amokabel,20
Arbesko,20
Bad & Varme,20
BoViva,20
Daloc,20
HJT Service AB,20
Larsson,20
SGA,20
Sydställningar,20
Audicom Pendax,19
Brion,19
Clinton,19
Demo Group,19
Gjuteriteknik tekst,19
ICA Kvantum,19
InfraCom,19
Lendo,19
Lindab,19
Månsson Rör,19
Ove,19
SRM Stål & Rörmontage,19
Skyltproduktion,19
Stadsporten,19
Stenfastigheter,19
StensbergsEl AB,19
TB Printsolutions,19
Tranpenad,19
Corpay,18
ELAK,18
Gevab Group,18
LF Invest AB,18
Mocca Deli,18
Reformhus,18
Rimeda,18
SKAB,18
Sfär,18
TekoTryck,18
Victoria,18
AH Sport & Business,17
B el & tele,17
EL Man,17
ITS,17
Konst Smide,17
NTEX,17
Nearyou,17
Oatly,17
Platinumcars,17
RO-gruppen,17
exakta,17
Billy & Dennis,16
CLN Athletics,16
Cernera,16
Frank Bistro,16
Hyrex,16
Logomattan,16
Prefabsystem,16
Renova,16
Ryds Bilglas,16
Skrotfrag,16
TF Bank,16
"Team ""G"" EL & VVS AB",16
advokatbyrån novum,16
Advokatfirman Landerdahl,15
Borohus,15
CTC Värmepumpar,15
Cequred Security,15
Easy Coffee,15
Estrella,15
Forza football,15
Ifmetall,15
J&S Markservice AB,15
K-vagnen,15
LGL Construction,15
Let´s Create,15
Lundagrossisten,15
Lönneberga,15
Mella el,15
Picadeli,15
STARK,15
Sjömarkens Svets och Smide AB,15
Spolpatrullen,15
Stadax,15
Techno Skruv,15
Toveksbil VW,15
AHNVIKS,14
Borås Truckservice,14
CWS,14
FR Fastighetsservice,14
GN Transport,14
Härryda Karlsson,14
ICA City,14
Jump Yard,14
Järngrinden,14
LKQ Atracco,14
Lundebergs Fastigheter logo,14
Ottosson Truck,14
Rollup-Kungen,14
Sankt Jorgen Park,14
Scandic,14
Städ & Fönsterservice,14
Sydsvenskan,14
Borgstena of Sweden,13
Borås MurningsArbeten,13
Fat21,13
Fotriktigt,13
Hugo,13
Hållanders Sägverk AB,13
Lyckholms Elektriska,13
Mercedes,13
Musiklageret,13
NLY Man,13
Nordquist & Järnvall,13
Peas of Heaven,13
Troax,13
Västtak,13
Øresundsbron,13
3M Peltor,12
EB Road Cargo,12
Folie & Papper,12
Halmstad Kakelhus,12
Malaco,12
Norden,12
Port Du Soleil,12
Ravema,12
Rejlers,12
SEFAB,12
Silvent,12
Ståthøga Verkstad AB,12
WebROPol,12
Betonghål,11
EFAB,11
Finlarm,11
Four Office,11
Göteborgs Metallpartier,11
HFAB,11
Halmstad stenhus,11
HomeMaid,11
Högbergs Buss AB,11
Idealtryck,11
Lundqvist EL,11
Mitsubishi,11
Nordea,11
Norteam,11
Pepsi,11
QTF,11
Sport Vision,11
Turbo,11
UGSAB,11
Uponor,11
VMAR,11
Västerås Takentreprenad AB,11
52bones,10
Autocirc,10
Biotage,10
Bloms AB,10
Domtrappkällaren,10
Electrolux,10
Getinge logo,10
Gunnars Maskiner,10
Jisotech,10
JoelJolina,10
Kalmar Kuvert,10
Konradssons Kakel,10
Loows Måleri,10
MMG Marine AB,10
Maksimer,10
McDonald's,10
NordVPN,10
Norrvidinge,10
Nybloms,10
PULS,10
Plåtkompaniet,10
Retur Papper Centralen,10
SafeScaff,10
Sundström Safety,10
TL Bygg,10
Tvättex,10
Aros Kapital,9
BBM,9
Bemanningspoolen,9
Bogstedt Bil,9
Castellum,9
Coor,9
EA,9
Elite Grand Hotel,9
FSAB,9
Front Fasadgruppen,9
Halmstad,9
Hestra,9
Hogbergs Buss AB Uppsala,9
ICA Bomben,9
IR,9
JOCR Media,9
KYL Teknik,9
LGP Byggservice AB,9
Lillebil,9
Little Italy Barbershop,9
MCR,9
Markentreprenad,9
Maxxis Tyres,9
NSFastigheter,9
NSgastro,9
OWB,9
Storkökside,9
Tele2,9
Toarps Plåtslageri AB,9
Torrbollen Home,9
Transschakt,9
Uppsala Handelsstål,9
VicApta,9
ginatricot,9
Bostjärnan,8
Bricmate,8
Cupra,8
Easypartner,8
Formenta,8
Glimstedt,8
Gäsene Mejeri,8
Hotel Carlshamn,8
Humidus,8
Kappahl,8
Kristina,8
Leijon,8
MOH-Maya,8
Marielunds VVS,8
Mediaflow,8
Notar,8
Paroy,8
Railway System,8
Rendo,8
SDX,8
Seniorarbeten,8
Skrot Centralen,8
Smart Rail,8
Stena Fastigheter,8
Stigma,8
Syncify,8
Thermia,8
Ventex Entreprenad AB,8
Wilson Creative,8
easyform,8
friskis,8
4 Office,7
AF Gruppen,7
Aprofit SE,7
Asfalt i Göteborg AB,7
BBS Stål & Metaller,7
Bendt Bil,7
Coop,7
El Linjen AB,7
Frejs,7
Fyhrs,7
GBJ bygg,7
GipsProffsen,7
Larsson & Karlsson Elinstallationer AB,7
Meritum,7
OHLSSONS,7
Office,7
Revisorsgruppen,7
Skubbet,7
Solhemsgruppen,7
Stena Stål,7
Swedbank,7
Tujo AB,7
Uppsala Brygghus,7
Uppsala Kommun,7
VVS Fålhagen,7
Värnamo Kommun,7
kreativ teknik,7
AB Karl Hedin,6
B Bodin Bygg & Byggledning AB,6
Best Western,6
Betongteknik i Mälardalen AB,6
Bjäre Chips,6
Bofast,6
Din Maskin,6
Golvabia,6
Kvik,6
Locads,6
Lundebergs Fastigheter,6
NordiQ Group,6
Serve You,6
Sollentuna Emballagehantering AB,6
Upsala GK,6
Vinga Group,6
Vinnergi,6
Värnamo Nyheter,6
Wilssons,6
Winpos,6
WinsthGolv & Kakel,6
eQuality Fönster AB,6
milael,6
Østuna Shackt & Transport AB,6
3stepIT,5
Blyckert & Börjesson Måleri AB,5
Djurö Grävmaskiner AB,5
EL VVS,5
EXE Måleri,5
Elgiganten,5
Finnvedens Expresstransport,5
Gothia Cup,5
HSE,5
Holmbergs,5
Husvagns Expo,5
Jowema,5
Molins,5
Sanering,5
Stema,5
SveBag,5
Säkra,5
TISAB,5
Tången,5
Villalivet,5
VärnaBo Fastigheter AB,5
Wohlins,5
amber advokater,5
.DOT,4
AllOffice,4
AllTransport,4
Asplunds Bygg,4
Betongkompaniet i Stockholm AB,4
Boards,4
DOXA,4
DynaMate,4
Finnvedens Trafikskola,4
Flytgolv i Landskrona AB,4
Gorilla Glue,4
HTC Högtryckscenter i Väst AB,4
HangOn,4
IP Produkter AB,4
Inneklimat Värnamo,4
Klarin´s Rör,4
Lundby Plåt,4
MBF AB,4
NP Nilsson,4
Panasonic,4
Passera,4
Power Automation,4
Puma tekst,4
Saljfast,4
Sanero,4
TSG,4
Triller Mat & Bröd,4
UFS,4
WD-40,4
enigma,4
everbrand sweden.,4
AGB Service,3
AVIX,3
BLT,3
BabyBjörn,3
Babylon Pizzeria,3
Cuebid,3
Däck Partner,3
Ekerum Resort Öland,3
Elgrossisten Holmro,3
Ergoseat,3
Ernst Textil,3
Escape Travel,3
FVB,3
Ivar Svensson Trafik AB,3
Jour,3
Kranpunkten,3
Lindbytvätten,3
MABI,3
MIN,3
Mellinger Bil,3
Mellinger Fastigheter,3
Norima,3
One More,3
PreFast,3
Rivare,3
SHARP,3
Salboheds,3
SealEco,3
Sultan Kolgrill & Meze,3
Söderbergs Bil,3
Tegnanders Fastighets AB,3
The Central Bar,3
Work System,3
Åke Ekstrand Byggnads,3
Alvinssons AB,2
Arken,2
Beijer Byggmaterial,2
Brandtown,2
Dick Johansson Skogstransporter AB,2
EXIN,2
Elektriske Svea,2
Ellénius Buss,2
Finnveden NU,2
Fransson Bygg AB,2
GOTSAFE,2
Gaismeister AB,2
Hansson Kapell AB,2
ICA,2
Infometric,2
Kappex AB,2
Kopparberg,2
Kvarteret GIRAFFEN,2
Leads,2
Lesjöfors,2
Lotus Hotel Group,2
MFF Play,2
Mattr,2
Nike tekst,2
OnePartnerGroup,2
PEAB,2
PacsOn,2
Pinewood,2
Prison Island,2
Sirius,2
Stayhot,2
Steelpro,2
Stena,2
Svenska Höjdbolaget,2
Södertörns Däckservice AB,2
TTM,2
Varbergs Stadshotell & Asia Spa,2
Varis Förvaltning,2
Werna Sportfiske AB,2
duoplåt Plåtslageri,2
Alvelid Engineering,1
BDS,1
Björklunds Kafferosteri tekst,1
Borås Tidning,1
Brunna Schakt,1
Böda Sand,1
CS Maskin,1
Craft tekst,1
Dinner 22,1
EL & Energioptimering,1
Elektrikerna i Nybro,1
Elitdecor,1
Fem Hjärtan Fastigheter,1
Forenede Care,1
Hammarby Construction AB,1
Hammarstedt's Kyl & Inneklimat AB,1
Hanninge Terrazzology AB,1
Herrljunga cider,1
Hotel Plaza,1
Högberg Buss AB,1
IGS Capital,1
InfoPrint,1
K-V Bygg,1
Kalmar Sotning & Ventilation AB,1
Kvibergs Överskottslager AB,1
Kvinner For Fred,1
LK Buss AB,1
LM Stålteknik AB,1
Libergs Sweden AB,1
Mizuno,1
Nordström Advokater,1
Norén & Lindholm,1
Olle Lind Golv AB,1
Oscar Hansson VVS,1
Presto,1
Ronneby Brunn,1
SAB,1
SE sol,1
Saschas Familjearbete AB,1
Skylt-Reklam,1
Snickeriportalen,1
Solel,1
Sportway logo,1
Stranda,1
Sundtorps Gård,1
TISAB Tak,1
Tarkett,1
Teleoption,1
The Mobile Life,1
UCS IT Solutions,1
West Timber,1
Yaskawa,1
j:retail,1
